model,accuracy,high_precision,high_recall,high_f1,roc_auc,pr_auc
Logistic Regression,0.9803333333333333,0.9606714628297363,0.9823442864149092,0.9713870029097963,0.9983257555674941,0.9966445398111039
Random Forest,0.9378333333333333,0.8821100917431193,0.9431093673369298,0.9115904242711543,0.988013588594733,0.9781657256112894
Gradient Boosting,0.9626666666666667,0.9539769884942472,0.935262383521334,0.9445269935611689,0.9940960039641036,0.9895064803775258
