feature,chi2,dof,p_value,cramers_v
AI_Adoption_Level,7935.6745728745045,4,0.0,0.4454120163644697
Job_Level,1642.9625045239818,4,0.0,0.20266736938416985
Job_Role,1235.2156064779203,46,1.3708157204141478e-228,0.17572817122461615
Industry,1153.409208595504,14,1.7918215338971803e-237,0.16980939377692744
Education_Level,599.4212285379969,6,3.1088973146061364e-126,0.12241540227214025
Company_Size,7.878107624036579,4,0.09614670901055021,0.014033983418862745
