Cluster,Low,Medium,High
0,0.06210379284409584,0.3096593961534329,0.6282368110024713
1,0.5633592069578228,0.34779762461423364,0.08884316842794351
