Cluster,n,high_rate,avg_automation_exposure,avg_protection,avg_ai_intensity,avg_routine,avg_tasks_automated,avg_creativity,avg_interaction,avg_experience
0,9307,0.6282368110024713,57.04325996765812,43.09879660470614,45.68246122989864,73.00472762436875,52.65681744923176,26.66627269796927,59.531320511443,7.234017406253358
1,10693,0.08884316842794351,15.343105418870357,63.34017581595436,6.607645707991729,33.50369400542411,23.800804264472085,66.16955017301038,60.51080145889834,7.292901898438231
