Creativity_Band,Interaction_Band,n,high_rate
Low,Low,1105,0.8660633484162896
Low,Medium,2615,0.795793499043977
Low,High,2873,0.6703793943612948
Medium,Low,1275,0.3552941176470588
Medium,Medium,3055,0.2644844517184943
Medium,High,3528,0.1536281179138322
High,Low,877,0.012542759407069556
High,Medium,2178,0.006887052341597796
High,High,2494,0.0016038492381716118
