Layoff_Risk,count,pct
High,6797,0.33985
Low,6602,0.3301
Medium,6601,0.33005
