Industry,count,pct
Telecom,2582,0.1291
Healthcare,2561,0.12805
Finance,2513,0.12565
Logistics,2488,0.1244
IT,2483,0.12415
Retail,2467,0.12335
Manufacturing,2457,0.12285
Education,2449,0.12245
