Job_Level,AI_Adoption_Level,n,high_rate
Entry,High,658,0.9346504559270516
Mid,High,564,0.7890070921985816
Senior,High,193,0.43005181347150256
Entry,Low,4734,0.14997887621461767
Mid,Low,4215,0.06002372479240806
Senior,Low,1590,0.006918238993710692
Entry,Medium,3624,0.7417218543046358
Mid,Medium,3161,0.5495096488453021
Senior,Medium,1261,0.20222045995241872
