model,accuracy,macro_f1,weighted_f1
Logistic Regression,0.962,0.9619585939850445,0.9620744351138969
LightGBM,0.9523333333333334,0.9523039690698404,0.9524424172750096
XGBoost,0.9465,0.946541567484075,0.9466881009832071
Gradient Boosting,0.913,0.9130602968378988,0.9133092253765343
Random Forest,0.8853333333333333,0.8853276684035309,0.8856383173912561
Decision Tree,0.8161666666666667,0.8178129880134968,0.81813359428074
