model,accuracy,macro_f1,weighted_f1
Logistic Regression,0.9606666666666667,0.9605425441415755,0.9606522313911054
Gradient Boosting,0.9136666666666666,0.9138436336545462,0.9140480063737106
Random Forest,0.89,0.8900619307041694,0.8903499763254559
Decision Tree,0.8168333333333333,0.8183966592780658,0.8188270281548297
