,Age,Age,Age,Years_of_Experience,Years_of_Experience,Years_of_Experience,Routine_Task_Percentage,Routine_Task_Percentage,Routine_Task_Percentage,Creativity_Requirement,Creativity_Requirement,Creativity_Requirement,Human_Interaction_Level,Human_Interaction_Level,Human_Interaction_Level,Number_of_AI_Tools_Used,Number_of_AI_Tools_Used,Number_of_AI_Tools_Used,AI_Usage_Hours_Per_Week,AI_Usage_Hours_Per_Week,AI_Usage_Hours_Per_Week,Tasks_Automated_Percentage,Tasks_Automated_Percentage,Tasks_Automated_Percentage,AI_Training_Hours,AI_Training_Hours,AI_Training_Hours
,mean,median,std,mean,median,std,mean,median,std,mean,median,std,mean,median,std,mean,median,std,mean,median,std,mean,median,std,mean,median,std
Layoff_Risk,,,,,,,,,,,,,,,,,,,,,,,,,,,
High,39.863469177578345,40.0,11.808353525269755,6.6938355156686775,6.0,4.771035817353378,75.17287038399294,77.0,13.413796656591346,23.844343092540825,22.0,15.567560118551626,55.924231278505225,56.0,22.1159658953674,3.8130057378255113,4.0,2.210631992014175,10.767691628659703,10.0,6.679100708077134,55.957334117993234,55.0,15.023307509491788,20.24496101221127,17.0,16.407431759376365
Low,40.90124204786429,41.0,11.340922102568477,7.8544380490760375,8.0,4.678694857827878,28.540139351711602,26.0,14.363493039433823,71.92684035140866,74.0,16.6429650057512,64.62814298697364,69.0,21.59670174561149,1.2540139351711603,1.0,1.1682448525707025,3.2727961223871556,3.0,3.0004214768207182,19.45122690093911,17.0,10.49483750035129,5.970766434413814,5.0,5.99857779844319
Medium,40.33449477351916,40.0,11.393561682331873,7.265111346765641,7.0,4.637725003006229,51.25556733828208,50.0,17.718779020714052,48.29616724738676,49.0,19.08246058490487,59.73458566883806,62.0,22.221409939760335,2.2740493864565976,2.0,1.8866052830213962,6.163308589607635,5.0,5.314958213302525,35.72489016815634,34.0,13.757942061936513,11.423117709437964,8.0,11.740536048352178
