Industry,Low,Medium,High,n,High_Rate
Manufacturing,0.19454619454619454,0.32315832315832316,0.4822954822954823,2457,0.4822954822954823
Logistics,0.25,0.33480707395498394,0.41519292604501606,2488,0.41519292604501606
Retail,0.2505066882853668,0.34211593027969195,0.40737738143494123,2467,0.40737738143494123
Finance,0.27298050139275765,0.34978113808197375,0.3772383605252686,2513,0.3772383605252686
Telecom,0.3292021688613478,0.31913245546088304,0.3516653756777692,2582,0.3516653756777692
IT,0.38179621425694726,0.3387031816351188,0.2795006041079339,2483,0.2795006041079339
Healthcare,0.4740335806325654,0.31823506442795785,0.20773135493947675,2561,0.20773135493947675
Education,0.48427929767251937,0.314822376480196,0.2008983258472846,2449,0.2008983258472846
