Company_Size,Low,Medium,High,n,High_Rate
Medium,0.32373940205265506,0.32708612226684514,0.34917447568049975,8964,0.34917447568049975
Small,0.33102538740520937,0.33613583910319816,0.33283877349159247,6066,0.33283877349159247
Large,0.3404426559356137,0.32796780684104626,0.33158953722334006,4970,0.33158953722334006
