Education_Level,Low,Medium,High,n,High_Rate
High School,0.2195053400786959,0.32490163012928613,0.455593029792018,3558,0.455593029792018
Bachelor's,0.31243102237383363,0.33701214006220526,0.35055683756396105,9967,0.35055683756396105
Master's,0.40287504607445634,0.32602285293033545,0.27110210099520826,5426,0.27110210099520826
PhD,0.4966634890371783,0.30219256434699715,0.2011439466158246,1049,0.2011439466158246
