AI_Adoption_Level,Low,Medium,High,n,High_Rate
High,0.012014134275618375,0.18021201413427562,0.8077738515901061,1415,0.8077738515901061
Medium,0.08277404921700224,0.33557046979865773,0.5816554809843401,8046,0.5816554809843401
Low,0.5616282379732422,0.34595312648258847,0.09241863554416928,10539,0.09241863554416928
