Job_Level,Low,Medium,High,n,High_Rate
Entry,0.22759538598047915,0.3273070097604259,0.44509760425909495,9016,0.44509760425909495
Mid,0.3517632241813602,0.3415617128463476,0.3066750629722922,7940,0.3066750629722922
Senior,0.5772010512483574,0.30814717477003944,0.11465177398160316,3044,0.11465177398160316
