Routine_Band,Automation_Band,n,high_rate
0-25,0-25,3751,0.00026659557451346307
26-50,0-25,2781,0.019777058612010068
26-50,26-50,3144,0.09255725190839695
51-75,0-25,101,0.0891089108910891
51-75,26-50,3851,0.3752272137107245
51-75,51-75,1943,0.6623777663407102
76-100,26-50,1183,0.7210481825866442
76-100,51-75,2400,0.8554166666666667
76-100,76-100,846,0.9491725768321513
