accuracy,high_precision,high_recall,high_f1,roc_auc,pr_auc
0.9765,0.9553742802303263,0.9764590485532123,0.9658016007761339,0.9980553406998273,0.9963569077725438
